{"stat.useItem.351":10,"stat.useItem.113":36,"stat.useItem.356":50,"stat.leaveGame":89,"stat.mineBlock.18":10,"stat.mineBlock.17":1,"stat.useItem.123":8,"stat.useItem.126":38,"stat.swimOneCm":48902,"stat.climbOneCm":32839,"achievement.exploreAllBiomes":{"value":0,"progress":["Stone Beach","Ocean","River","Plains","Deep Ocean"]},"stat.mineBlock.12":1,"stat.useItem.331":25,"stat.useItem.330":1,"stat.mineBlock.3":3,"stat.flyOneCm":17221482,"stat.useItem.102":42,"stat.useItem.101":1,"stat.useItem.107":10,"stat.mineBlock.175":38,"stat.useItem.324":3,"stat.useItem.323":124,"achievement.mineWood":10,"stat.useItem.87":2,"stat.useItem.89":29,"stat.useItem.85":115,"achievement.openInventory":1592,"stat.useItem.98":26,"stat.deaths":14,"stat.drop":181,"stat.useItem.95":27,"stat.playOneMinute":4536635,"stat.diveOneCm":45402,"stat.useItem.65":98,"stat.useItem.69":7,"stat.useItem.76":35,"stat.useItem.77":48,"stat.useItem.72":1,"stat.jump":1680,"stat.fallOneCm":269579,"stat.useItem.404":3,"stat.useItem.70":38,"stat.mineBlock.95":1,"stat.useItem.42":7,"stat.useItem.44":501,"stat.useItem.45":24,"stat.useItem.41":24,"stat.damageTaken":-2147476027,"stat.useItem.49":4,"stat.useItem.53":108,"stat.useItem.54":42,"stat.useItem.50":71,"stat.damageDealt":60,"stat.useItem.57":150,"stat.useItem.58":22,"stat.useItem.20":236,"stat.useItem.152":56,"stat.useItem.155":677,"stat.useItem.22":2,"stat.useItem.154":3,"stat.useItem.278":15,"stat.walkOneCm":28897703,"stat.useItem.156":129,"stat.useItem.159":49,"stat.useItem.29":12,"stat.useItem.24":86,"stat.useItem.33":22,"stat.useItem.287":79,"stat.useItem.30":18,"stat.mineBlock.106":1,"stat.useItem.35":186,"stat.useItem.171":145,"stat.useItem.170":20,"stat.useItem.131":30,"stat.useItem.130":2,"stat.useItem.133":2,"stat.useItem.137":142,"stat.useItem.136":42,"stat.useItem.257":4,"stat.useItem.139":15,"stat.useItem.138":2,"stat.mineBlock.37":1,"stat.useItem.7":514,"stat.useItem.12":128,"stat.useItem.146":8,"stat.useItem.145":3,"stat.useItem.148":7,"stat.useItem.147":2,"stat.useItem.389":335,"stat.useItem.1":225,"stat.useItem.4":124,"stat.useItem.5":142,"stat.useItem.3":483,"stat.useItem.17":65,"stat.useItem.13":13,"stat.mineBlock.31":349}