{"stat.useItem.130":3,"stat.useItem.3":54,"stat.useItem.65":50,"achievement.exploreAllBiomes":{"value":0,"progress":["Ocean","Plains","River"]},"stat.useItem.24":33,"stat.useItem.404":13,"stat.mineBlock.76":1,"stat.useItem.89":84,"achievement.openInventory":695,"stat.useItem.23":3,"stat.useItem.50":1,"stat.useItem.323":9,"stat.useItem.5":14,"stat.fallOneCm":87565,"stat.flyOneCm":3036599,"stat.useItem.33":3,"stat.useItem.95":68,"stat.useItem.133":3,"stat.damageTaken":3710,"stat.useItem.121":16,"stat.useItem.4":18,"stat.useItem.152":35,"stat.useItem.69":4,"stat.climbOneCm":8483,"stat.useItem.45":15,"stat.drop":13,"stat.useItem.135":151,"stat.useItem.155":60,"stat.useItem.70":22,"stat.useItem.76":35,"stat.useItem.29":23,"stat.leaveGame":26,"stat.diveOneCm":1814,"stat.useItem.356":27,"stat.useItem.330":19,"stat.useItem.154":12,"achievement.mineWood":1,"stat.useItem.54":31,"stat.useItem.159":952,"stat.useItem.41":2,"stat.useItem.17":13,"stat.useItem.85":12,"stat.useItem.57":33,"stat.playOneMinute":2418929,"stat.useItem.278":2,"stat.useItem.123":76,"stat.deaths":2,"stat.mineBlock.3":8,"stat.useItem.58":26,"stat.swimOneCm":807,"stat.useItem.42":2,"stat.useItem.389":8,"stat.walkOneCm":8458472,"stat.useItem.77":14,"stat.useItem.145":1,"stat.useItem.35":11,"stat.useItem.257":1,"stat.useItem.44":24,"stat.useItem.7":20,"stat.jump":1081,"stat.useItem.1":25,"stat.useItem.20":20,"stat.useItem.331":93,"stat.useItem.13":2,"stat.useItem.137":24,"stat.useItem.12":18,"stat.useItem.138":1,"stat.useItem.102":19,"stat.useItem.101":9}