{"stat.damageDealt":10,"achievement.exploreAllBiomes":{"value":0,"progress":["Ocean","Plains","River"]},"stat.mineBlock.31":2,"achievement.openInventory":65,"stat.useItem.323":8,"stat.useItem.69":1,"stat.climbOneCm":50,"stat.fallOneCm":10048,"stat.useItem.133":2,"stat.flyOneCm":167269,"stat.useItem.321":1,"stat.useItem.155":8,"stat.useItem.70":8,"stat.useItem.57":4,"stat.playOneMinute":172301,"stat.useItem.41":2,"stat.leaveGame":8,"stat.diveOneCm":1665,"stat.jump":56,"stat.swimOneCm":3816,"stat.useItem.20":4,"stat.useItem.389":13,"stat.useItem.137":10,"stat.walkOneCm":1539483,"stat.useItem.77":1,"stat.useItem.145":1,"stat.useItem.35":5,"stat.useItem.257":2}