{"stat.useItem.3":33,"stat.craftItem.24":80,"achievement.exploreAllBiomes":{"value":0,"progress":["Plains"]},"achievement.openInventory":93,"stat.useItem.45":32,"stat.fallOneCm":100114,"stat.flyOneCm":261659,"stat.drop":515,"stat.damageTaken":10,"stat.useItem.155":32,"stat.mineBlock.13":7,"stat.playOneMinute":240137,"stat.leaveGame":5,"stat.useItem.278":8,"stat.mineBlock.12":2,"stat.walkOneCm":810026,"stat.mineBlock.3":2,"stat.jump":2033,"stat.useItem.1":10,"stat.useItem.13":5,"stat.useItem.12":84,"stat.useItem.7":31}