{"stat.useItem.3":144,"achievement.exploreAllBiomes":{"value":0,"progress":["Ocean","Plains"]},"stat.useItem.53":59,"stat.useItem.89":4,"achievement.openInventory":74,"stat.useItem.5":28,"stat.climbOneCm":892,"stat.fallOneCm":4510,"stat.flyOneCm":908081,"stat.drop":9,"stat.damageTaken":100,"stat.playOneMinute":315110,"stat.leaveGame":4,"stat.useItem.278":1,"stat.useItem.6":5,"stat.useItem.85":123,"stat.walkOneCm":203996,"stat.jump":175,"stat.useItem.35":76,"stat.swimOneCm":64,"stat.useItem.20":2,"stat.useItem.113":125,"stat.useItem.7":4}