{"achievement.exploreAllBiomes":{"value":0,"progress":["Ocean","Plains","River"]},"achievement.openInventory":57,"stat.mineBlock.31":1,"stat.climbOneCm":481,"stat.fallOneCm":34139,"stat.flyOneCm":589837,"stat.drop":8,"stat.useItem.18":33,"stat.damageTaken":2570,"stat.playOneMinute":315039,"stat.leaveGame":3,"stat.useItem.278":1,"stat.diveOneCm":1203,"stat.mineBlock.18":1,"stat.jump":300,"stat.deaths":5,"stat.swimOneCm":407,"stat.useItem.162":7,"stat.useItem.13":2,"stat.useItem.12":4,"stat.walkOneCm":235578,"stat.useItem.35":81}