{"stat.useItem.minecraft.lapis_block":27,"stat.walkOneCm":194733,"stat.useItem.minecraft.chest":1,"stat.useItem.minecraft.stone":296,"stat.leaveGame":21,"stat.jump":81,"stat.fallOneCm":211,"stat.crouchOneCm":994,"stat.useItem.minecraft.dirt":51,"stat.sprintOneCm":32042,"achievement.exploreAllBiomes":{"value":0,"progress":["Plains"]},"stat.useItem.minecraft.glass":470,"achievement.openInventory":139,"stat.killEntity.Spider":1,"stat.mobKills":1,"stat.flyOneCm":67627,"stat.deaths":1,"stat.drop":1,"stat.playOneMinute":658990,"stat.damageDealt":150,"stat.useItem.minecraft.wool":28,"stat.timeSinceDeath":607581,"stat.useItem.minecraft.sign":13,"stat.useItem.minecraft.spawn_egg":11}